parameters,mean
De,200.4445289097982
σ,0.10189597452187545
