parameters,mean
De,280.803178233701
σ,0.06827446947448998
