Name,Coef.,Std. Error,z,Pr(>|z|),Lower 95%,Upper 95%
De,281.5587371088817,10.898115880633329,25.835542601380315,3.537225939382722e-147,260.1988224834963,302.9186517342671
σ,0.06807019605742941,0.0017000831869759612,40.03933253319792,0.0,0.06473809424023444,0.07140229787462438
