iteration,runtime_seconds
1,31.165125131607056
2,4.239980936050415
3,23.426993131637573
4,4.144014120101929
5,4.216035842895508
